"ShaderTypeName","ShaderType","Frequency","NumShaders","ShadersSize"
"FARGB16BigConvertPS","Global","SF_Pixel","1","2366"
"FAYUVConvertPS","Global","SF_Pixel","1","1313"
"FAccumulateCubeFacesPS","Global","SF_Pixel","1","949"
"FAccumulateDiffuseIrradiancePS","Global","SF_Pixel","1","2243"
"FAlphaInvertPS","Global","SF_Pixel","1","597"
"FAmbientOcclusionCS","Global","SF_Compute","18","96184"
"FAmbientOcclusionPS","Global","SF_Pixel","23","112608"
"FAmbientOcclusionSetupPS","Global","SF_Pixel","1","2317"
"FAmbientOcclusionSmoothCS","Global","SF_Compute","1","1158"
"FAmbientOcclusionSmoothPS","Global","SF_Pixel","1","907"
"FAnimBankEvaluateCS","Global","SF_Compute","1","3053"
"FApplyLowerHemisphereColorPS","Global","SF_Pixel","1","1837"
"FBMPConvertPS","Global","SF_Pixel","1","1168"
"FBasicEyeAdaptationSetupPS","Global","SF_Pixel","1","1114"
"FBinkDrawICtCpPS","Global","SF_Pixel","8","13435"
"FBinkDrawVS","Global","SF_Vertex","1","775"
"FBinkDrawYCbCrPS","Global","SF_Pixel","4","4301"
"FBitonicSortGlobalMergeCS","Global","SF_Compute","1","956"
"FBitonicSortLocalMergeCS","Global","SF_Compute","1","2090"
"FBitonicSortLocalSortCS","Global","SF_Compute","1","3311"
"FBuildFeedbackHashTableCS","Global","SF_Compute","2","2690"
"FBuildFeedbackHashTableIndirectArgsCS","Global","SF_Compute","1","783"
"FBuildIndirectDispatchArgsBufferCS","Global","SF_Compute","1","995"
"FBuildInstanceIdBufferAndCommandsFromPrimitiveIdsCs","Global","SF_Compute","32","228170"
"FBuildLandscapeTileDataCS","Global","SF_Compute","1","3513"
"FCapsuleShadowingCS","Global","SF_Compute","7","31689"
"FCapsuleShadowingUpsamplePS","Global","SF_Pixel","4","7273"
"FCapsuleShadowingUpsampleVS","Global","SF_Vertex","1","1273"
"FChannelMaskPS","Global","SF_Pixel","1","1878"
"FClearIndirectArgInstanceCountCs","Global","SF_Compute","1","706"
"FClearIndirectDispatchArgsCS","Global","SF_Compute","1","849"
"FClearMessageBufferCS","Global","SF_Compute","1","427"
"FClearPressureGridCS","Global","SF_Compute","1","1302"
"FClearReplacementCS_Buffer_Float4_Bounds","Global","SF_Compute","1","759"
"FClearReplacementCS_Buffer_Float_Bounds","Global","SF_Compute","1","753"
"FClearReplacementCS_Buffer_Sint4_Bounds","Global","SF_Compute","1","750"
"FClearReplacementCS_Buffer_Uint","Global","SF_Compute","1","507"
"FClearReplacementCS_Buffer_Uint4","Global","SF_Compute","1","515"
"FClearReplacementCS_Buffer_Uint4_Bounds","Global","SF_Compute","1","744"
"FClearReplacementCS_Buffer_Uint_Bounds","Global","SF_Compute","1","736"
"FClearReplacementCS_Buffer_Uint_Zero","Global","SF_Compute","1","422"
"FClearReplacementCS_LargeBuffer_Float4_Bounds","Global","SF_Compute","1","754"
"FClearReplacementCS_LargeBuffer_Float_Bounds","Global","SF_Compute","1","749"
"FClearReplacementCS_LargeBuffer_Sint4_Bounds","Global","SF_Compute","1","747"
"FClearReplacementCS_LargeBuffer_Uint","Global","SF_Compute","1","505"
"FClearReplacementCS_LargeBuffer_Uint4","Global","SF_Compute","1","512"
"FClearReplacementCS_LargeBuffer_Uint4_Bounds","Global","SF_Compute","1","740"
"FClearReplacementCS_LargeBuffer_Uint_Bounds","Global","SF_Compute","1","732"
"FClearReplacementCS_StructuredBuffer_Float4_Bounds","Global","SF_Compute","1","786"
"FClearReplacementCS_StructuredBuffer_Float_Bounds","Global","SF_Compute","1","783"
"FClearReplacementCS_StructuredBuffer_Sint4_Bounds","Global","SF_Compute","1","778"
"FClearReplacementCS_StructuredBuffer_Uint","Global","SF_Compute","1","532"
"FClearReplacementCS_StructuredBuffer_Uint4","Global","SF_Compute","1","542"
"FClearReplacementCS_StructuredBuffer_Uint4_Bounds","Global","SF_Compute","1","772"
"FClearReplacementCS_StructuredBuffer_Uint_Bounds","Global","SF_Compute","1","763"
"FClearReplacementCS_StructuredBuffer_Uint_Zero","Global","SF_Compute","1","481"
"FClearReplacementCS_Texture2DArray_Float4","Global","SF_Compute","1","520"
"FClearReplacementCS_Texture2DArray_Float4_Bounds","Global","SF_Compute","1","768"
"FClearReplacementCS_Texture2DArray_Sint4_Bounds","Global","SF_Compute","1","755"
"FClearReplacementCS_Texture2DArray_Uint","Global","SF_Compute","1","502"
"FClearReplacementCS_Texture2DArray_Uint4","Global","SF_Compute","1","509"
"FClearReplacementCS_Texture2DArray_Uint4_Bounds","Global","SF_Compute","1","741"
"FClearReplacementCS_Texture2DArray_Uint_Zero","Global","SF_Compute","1","381"
"FClearReplacementCS_Texture2D_Float4","Global","SF_Compute","1","524"
"FClearReplacementCS_Texture2D_Float4_Bounds","Global","SF_Compute","1","747"
"FClearReplacementCS_Texture2D_Sint4_Bounds","Global","SF_Compute","1","735"
"FClearReplacementCS_Texture2D_Uint4","Global","SF_Compute","1","510"
"FClearReplacementCS_Texture2D_Uint4_Bounds","Global","SF_Compute","1","722"
"FClearReplacementCS_Texture3D_Float4","Global","SF_Compute","1","503"
"FClearReplacementCS_Texture3D_Float4_Bounds","Global","SF_Compute","1","750"
"FClearReplacementCS_Texture3D_Sint4_Bounds","Global","SF_Compute","1","738"
"FClearReplacementCS_Texture3D_Uint4","Global","SF_Compute","1","490"
"FClearReplacementCS_Texture3D_Uint4_Bounds","Global","SF_Compute","1","723"
"FClearReplacementPS","Global","SF_Pixel","1","471"
"FClearReplacementPS_128","Global","SF_Pixel","1","471"
"FClearReplacementPS_Zero","Global","SF_Pixel","1","320"
"FClearReplacementVS","Global","SF_Vertex","1","427"
"FClearReplacementVS_Bounds","Global","SF_Vertex","1","579"
"FClearReplacementVS_Depth","Global","SF_Vertex","1","564"
"FClearUAVBuildIndirectDispatchBufferCS","Global","SF_Compute","1","882"
"FClearUAVCS","Global","SF_Compute","1","717"
"FClearVelocityGridCS","Global","SF_Compute","1","674"
"FCombineShadingRateTexturesCS","Global","SF_Compute","2","1178"
"FCompactFeedbackHashTableCS","Global","SF_Compute","2","2145"
"FCompactViewsVSM_CS","Global","SF_Compute","1","2913"
"FCompositeCoreDilateShader","Global","SF_Compute","3","5544"
"FCompositeCoreDisplayTransformShader","Global","SF_Pixel","1","1114"
"FCompositeCoreMergeShader","Global","SF_Pixel","2","13774"
"FCompositePostProcessPrimitivesPS","Global","SF_Pixel","14","37961"
"FComputeBrightnessPS","Global","SF_Pixel","1","1074"
"FComputeCubeMaxLuminancePS","Global","SF_Pixel","1","1062"
"FComputeShaderYCbCrToRGB","Global","SF_Compute","1","1395"
"FComputeSkyEnvMapDiffuseIrradianceCS","Global","SF_Compute","1","3354"
"FComputeVariableRateShadingImageGeneration","Global","SF_Compute","1","1115"
"FConvolveSpecularFaceCS","Global","SF_Compute","1","2549"
"FCopyCompressCS","Global","SF_Compute","20","45634"
"FCopyCubemapToCubeFacePS","Global","SF_Pixel","1","1829"
"FCopyCubemapToIlluminanceMeterCubemapPS","Global","SF_Pixel","1","1539"
"FCopyDepthPS","Global","SF_Pixel","2","1009"
"FCopyDiffuseIrradiancePS","Global","SF_Pixel","1","1755"
"FCopyEyeAdaptationToTextureCS","Global","SF_Compute","1","580"
"FCopyPreviousTransformsCS","Global","SF_Compute","2","1914"
"FCopyRectPS","Global","SF_Pixel","1","554"
"FCopyRectSrvPS","Global","SF_Pixel","1","554"
"FCopySceneColorPS","Global","SF_Pixel","2","1303"
"FCopySceneColorTexturePS","Global","SF_Pixel","1","1411"
"FCopySceneColorToCubeFacePS","Global","SF_Pixel","1","1435"
"FCopyShadowMaps2DPS","Global","SF_Pixel","1","609"
"FCopyShadowMapsCubePS","Global","SF_Pixel","1","1114"
"FCopyTextureCS_Texture2DArray_Texture2DArray_Float4","Global","SF_Compute","1","793"
"FCopyTextureCS_Texture2DArray_Texture2DArray_Int324","Global","SF_Compute","1","785"
"FCopyTextureCS_Texture2DArray_Texture2DArray_Uint324","Global","SF_Compute","1","789"
"FCopyTextureCS_Texture2DArray_Texture2D_Float4","Global","SF_Compute","1","835"
"FCopyTextureCS_Texture2DArray_Texture2D_Int324","Global","SF_Compute","1","822"
"FCopyTextureCS_Texture2DArray_Texture2D_Uint324","Global","SF_Compute","1","823"
"FCopyTextureCS_Texture2DArray_Texture3D_Float4","Global","SF_Compute","1","797"
"FCopyTextureCS_Texture2DArray_Texture3D_Int324","Global","SF_Compute","1","790"
"FCopyTextureCS_Texture2DArray_Texture3D_Uint324","Global","SF_Compute","1","792"
"FCopyTextureCS_Texture2D_Texture2DArray_Float4","Global","SF_Compute","1","826"
"FCopyTextureCS_Texture2D_Texture2DArray_Int324","Global","SF_Compute","1","810"
"FCopyTextureCS_Texture2D_Texture2DArray_Uint324","Global","SF_Compute","1","815"
"FCopyTextureCS_Texture2D_Texture2D_Float4","Global","SF_Compute","1","820"
"FCopyTextureCS_Texture2D_Texture2D_Int324","Global","SF_Compute","1","806"
"FCopyTextureCS_Texture2D_Texture2D_Uint324","Global","SF_Compute","1","808"
"FCopyTextureCS_Texture2D_Texture3D_Float4","Global","SF_Compute","1","814"
"FCopyTextureCS_Texture2D_Texture3D_Int324","Global","SF_Compute","1","800"
"FCopyTextureCS_Texture2D_Texture3D_Uint324","Global","SF_Compute","1","802"
"FCopyTextureCS_Texture3D_Texture2DArray_Float4","Global","SF_Compute","1","799"
"FCopyTextureCS_Texture3D_Texture2DArray_Int324","Global","SF_Compute","1","791"
"FCopyTextureCS_Texture3D_Texture2DArray_Uint324","Global","SF_Compute","1","794"
"FCopyTextureCS_Texture3D_Texture2D_Float4","Global","SF_Compute","1","825"
"FCopyTextureCS_Texture3D_Texture2D_Int324","Global","SF_Compute","1","811"
"FCopyTextureCS_Texture3D_Texture2D_Uint324","Global","SF_Compute","1","813"
"FCopyTextureCS_Texture3D_Texture3D_Float4","Global","SF_Compute","1","782"
"FCopyTextureCS_Texture3D_Texture3D_Int324","Global","SF_Compute","1","774"
"FCopyTextureCS_Texture3D_Texture3D_Uint324","Global","SF_Compute","1","776"
"FCopyToCubeFaceVS","Global","SF_Vertex","1","1337"
"FCopyUIntBufferCS","Global","SF_Compute","1","807"
"FCopyVelocityGridCS","Global","SF_Compute","1","750"
"FCubeDownsampleMaxPS","Global","SF_Pixel","1","1749"
"FCubeDownsamplePS","Global","SF_Pixel","1","1845"
"FCubeFilterPS","Global","SF_Pixel","1","2321"
"FDebugVariableRateShadingPS","Global","SF_Pixel","2","2012"
"FDeferredDecalVS","Global","SF_Vertex","1","492"
"FDeferredLightVS","Global","SF_Vertex","2","2860"
"FDeformGuideCS","Global","SF_Compute","5","8008"
"FDesaturatePS","Global","SF_Pixel","1","671"
"FDeviceEncodingOnlyPS","Global","SF_Pixel","4","24628"
"FDiffuseIrradianceReferenceCS","Global","SF_Compute","1","1920"
"FDisplayMappingPS","Global","SF_Pixel","4","5991"
"FDistortionApplyScreenPS","Global","SF_Pixel","2","3757"
"FDistortionMergeScreenPS","Global","SF_Pixel","2","1505"
"FDitheredTransitionStencilPS","Global","SF_Pixel","1","700"
"FDownsampleIntegrateCubemapIlluminancePS","Global","SF_Pixel","1","1730"
"FDownsamplePS","Global","SF_Pixel","2","1859"
"FDrawDebugCardAtlasCS","Global","SF_Compute","1","1536"
"FDrawDebugCardGuidesCS","Global","SF_Compute","1","3078"
"FDrawTexturePS","Global","SF_Pixel","1","690"
"FDumpTextureCS","Global","SF_Compute","3","1436"
"FEvaluateConcatenateScatterCS","Global","SF_Compute","13","147375"
"FExrSwizzlePS","Global","SF_Pixel","12","29696"
"FExrSwizzleVS","Global","SF_Vertex","1","891"
"FFXAAPS","Global","SF_Pixel","12","49868"
"FFillTextureCS","Global","SF_Compute","1","798"
"FFilterPS","Global","SF_Pixel","32","40554"
"FFilterVS","Global","SF_Vertex","7","7521"
"FFusionBlendCS","Global","SF_Compute","2","2403"
"FFusionSetupCS","Global","SF_Compute","1","5266"
"FGPUDebugCrashUtilsCS","Global","SF_Compute","2","1133"
"FGPUSceneDebugRenderCS","Global","SF_Compute","1","8233"
"FGPUSceneSetInstancePrimitiveIdCS","Global","SF_Compute","1","2019"
"FGPUSkinCacheCS","Global","SF_Compute","27","76365"
"FGTAOUpsamplePS","Global","SF_Pixel","1","953"
"FGenerateConservativeDepthBufferCS","Global","SF_Compute","1","2580"
"FGenerateMipsCS","Global","SF_Compute","4","3414"
"FGenerateMipsIndirectCS","Global","SF_Compute","4","3414"
"FGenerateMipsPS","Global","SF_Pixel","1","654"
"FGenerateMipsVS","Global","SF_Vertex","1","528"
"FGeneratePaniniUVDisplacementCS","Global","SF_Compute","1","1723"
"FGroomCacheUpdatePassCS","Global","SF_Compute","1","2424"
"FHMDDistortionPS","Global","SF_Pixel","1","941"
"FHMDDistortionVS","Global","SF_Vertex","1","957"
"FHZBBuildCS","Global","SF_Compute","60","105409"
"FHZBBuildPS","Global","SF_Pixel","2","2028"
"FHairCardsDeformationCS","Global","SF_Compute","2","4845"
"FHairDebugPrintHairSkinCacheCS","Global","SF_Compute","1","8353"
"FHairDebugPrintInstanceCS","Global","SF_Compute","1","43786"
"FHairDebugPrintMemoryCS","Global","SF_Compute","1","74790"
"FHairInitMeshSamplesCS","Global","SF_Compute","2","2773"
"FHairInterpolationCS","Global","SF_Compute","124","437844"
"FHairMeshesInterpolateCS","Global","SF_Compute","1","1697"
"FHairPrintLODInfoCS","Global","SF_Compute","1","3961"
"FHairProjectionHairDebugCS","Global","SF_Compute","2","58056"
"FHairTranscodeCS","Global","SF_Compute","2","3088"
"FHairUpdateMeshSamplesCS","Global","SF_Compute","1","1237"
"FHairUpdateMeshTriangleCS","Global","SF_Compute","4","14304"
"FHairUpdatePositionOffsetCS","Global","SF_Compute","4","3011"
"FHdrCustomResolve2xPS","Global","SF_Pixel","1","984"
"FHdrCustomResolve4xPS","Global","SF_Pixel","1","1295"
"FHdrCustomResolve8xPS","Global","SF_Pixel","1","1661"
"FHdrCustomResolveFMask2xPS","Global","SF_Pixel","1","976"
"FHdrCustomResolveFMask4xPS","Global","SF_Pixel","1","974"
"FHdrCustomResolveFMask8xPS","Global","SF_Pixel","1","974"
"FHdrCustomResolveVS","Global","SF_Vertex","1","423"
"FHistogramCS","Global","SF_Compute","5","14032"
"FHitProxyCopyPS","Global","SF_Pixel","1","1006"
"FIESAtlasAddTextureCS","Global","SF_Compute","1","1741"
"FIESAtlasDebugInfoCS","Global","SF_Compute","1","7466"
"FImagePreTransformVS","Global","SF_Vertex","1","784"
"FInitDynamicMeshBoundsCS","Global","SF_Compute","1","997"
"FInitIndirectArgs1DCS","Global","SF_Compute","1","745"
"FInterpolateGroomGuidesCS","Global","SF_Compute","2","6260"
"FLUTBlenderCS","Global","SF_Compute","12","145596"
"FLUTInnerCS","Global","SF_Compute","2","21242"
"FLandscapeMergeTexturesPS","Global","SF_Pixel","2","1809"
"FLandscapePackRGBAChannelsPS","Global","SF_Pixel","1","936"
"FLandscapeResampleMergedTexturePS","Global","SF_Pixel","2","2122"
"FLateZDummyPS","Global","SF_Pixel","1","333"
"FLensFlareBlurPS","Global","SF_Pixel","1","663"
"FLensFlareBlurVS","Global","SF_Vertex","1","1767"
"FLensFlareCompositePS","Global","SF_Pixel","1","914"
"FLensFlareCopyBloomPS","Global","SF_Pixel","1","562"
"FLightGridFeedbackStatusCS","Global","SF_Compute","1","1133"
"FLightGridInjectionCS","Global","SF_Compute","96","656212"
"FLightGridInjectionSpecConstCS","Global","SF_Compute","2","24814"
"FLocalFogVolumeTiledCullingCS","Global","SF_Compute","2","6287"
"FLongGPUTaskPS","Global","SF_Pixel","1","564"
"FMediaShadersVS","Global","SF_Vertex","1","431"
"FMemcpyCS","Global","SF_Compute","3","2893"
"FMemsetBufferCS","Global","SF_Compute","3","2607"
"FMobileAmbientOcclusionUpsamplePS","Global","SF_Pixel","3","4866"
"FMobileAverageLuminanceCS","Global","SF_Compute","1","1796"
"FMobileBasicEyeAdaptationCS","Global","SF_Compute","1","2052"
"FMobileBloomDownPS","Global","SF_Pixel","1","1746"
"FMobileBloomDownVS","Global","SF_Vertex","1","876"
"FMobileBloomSetupPS","Global","SF_Pixel","10","17556"
"FMobileBloomSetupVS","Global","SF_Vertex","1","1090"
"FMobileBloomUpPS","Global","SF_Pixel","1","2275"
"FMobileBloomUpVS","Global","SF_Vertex","1","876"
"FMobileCustomResolvePS","Global","SF_Pixel","5","8363"
"FMobileDOFRecombinePS","Global","SF_Pixel","3","5088"
"FMobileDOFSetupPS","Global","SF_Pixel","5","10151"
"FMobileDeferredCopyDepthPS","Global","SF_Pixel","1","296"
"FMobileDeferredCopyPLSPS","Global","SF_Pixel","1","328"
"FMobileDistortionMergePS","Global","SF_Pixel","1","1052"
"FMobileDofBlurPS","Global","SF_Pixel","1","1567"
"FMobileDofBlurVS","Global","SF_Vertex","1","1290"
"FMobileDofDownPS","Global","SF_Pixel","2","2793"
"FMobileDofDownVS","Global","SF_Vertex","1","1282"
"FMobileDofNearPS","Global","SF_Pixel","2","2418"
"FMobileDofNearVS","Global","SF_Vertex","1","1315"
"FMobileFogPS","Global","SF_Pixel","204","1081793"
"FMobileFogVS","Global","SF_Vertex","1","1112"
"FMobileHistogramEyeAdaptationCS","Global","SF_Compute","1","4797"
"FMobileIntegrateDofPS","Global","SF_Pixel","1","1098"
"FMobileIntegrateDofVS","Global","SF_Vertex","1","1156"
"FMobileLocalFogVolumeTiledRenderHalfResPS","Global","SF_Pixel","1","3804"
"FMobileLocalFogVolumeTiledRenderPS","Global","SF_Pixel","1","3657"
"FMobileLocalFogVolumeTiledRenderVS","Global","SF_Vertex","1","1151"
"FMobileReflectionEnvironmentSkyLightingPS","Global","SF_Pixel","24","163122"
"FMobileSkyLightToSkyPS","Global","SF_Pixel","1","1573"
"FMobileSunAlphaPS","Global","SF_Pixel","2","2288"
"FMobileSunAlphaVS","Global","SF_Vertex","1","1503"
"FMobileSunBlurPS","Global","SF_Pixel","1","1019"
"FMobileSunBlurVS","Global","SF_Vertex","1","1504"
"FMobileSunMaskPS","Global","SF_Pixel","6","9423"
"FMobileSunMergePS","Global","SF_Pixel","4","6226"
"FMobileSunMergeVS","Global","SF_Vertex","1","1474"
"FModifyAlphaSwizzleRgbaPS","Global","SF_Pixel","3","1752"
"FNULLPS","Global","SF_Pixel","1","320"
"FNV12ConvertAsBytesPS","Global","SF_Pixel","1","2706"
"FNV12ConvertPS","Global","SF_Pixel","1","2491"
"FNV21ConvertPS","Global","SF_Pixel","1","1634"
"FNiagaraClearAsyncGpuTraceCS","Global","SF_Compute","1","811"
"FNiagaraClearCountsIntCS","Global","SF_Compute","1","697"
"FNiagaraClearCountsIntCS_Legacy","Global","SF_Compute","1","697"
"FNiagaraClearCountsUIntCS","Global","SF_Compute","1","685"
"FNiagaraClearCountsUIntCS_Legacy","Global","SF_Compute","1","685"
"FNiagaraClearUAVCS","Global","SF_Compute","1","631"
"FNiagaraCopySVTToDenseBufferCS","Global","SF_Compute","1","1455"
"FNiagaraDispatchIndirectArgsGenCS","Global","SF_Compute","1","1372"
"FNiagaraDrawIndirectArgsGenCS","Global","SF_Compute","2","2258"
"FNiagaraDrawIndirectResetCountsCS","Global","SF_Compute","1","715"
"FNiagaraGenerateMipsCS","Global","SF_Compute","4","4829"
"FNiagaraInitFreeIDBufferCS","Global","SF_Compute","1","726"
"FNiagaraInstanceCountsInitCS","Global","SF_Compute","1","698"
"FNiagaraLWCTileShiftPositionsCS","Global","SF_Compute","1","1223"
"FNiagaraNeighborQueryHistogramCS","Global","SF_Compute","1","831"
"FNiagaraNeighborQueryPrefixSumLocalScanCS","Global","SF_Compute","1","1632"
"FNiagaraNeighborQueryPrefixSumPropagateCS","Global","SF_Compute","1","966"
"FNiagaraNeighborQueryScatterCS","Global","SF_Compute","1","2013"
"FNiagaraRibbonAggregationApplyCS","Global","SF_Compute","2","3382"
"FNiagaraRibbonAggregationStepCS","Global","SF_Compute","3","5800"
"FNiagaraRibbonCreateIndexBufferCS","Global","SF_Compute","2","3567"
"FNiagaraRibbonCreateIndexBufferParamsCS","Global","SF_Compute","1","2586"
"FNiagaraRibbonSortPhase1CS","Global","SF_Compute","3","6227"
"FNiagaraRibbonSortPhase2CS","Global","SF_Compute","3","6925"
"FNiagaraRibbonUVParamCalculationCS","Global","SF_Compute","2","8513"
"FNiagaraRibbonVertexReductionFinalizeCS","Global","SF_Compute","2","4984"
"FNiagaraRibbonVertexReductionInitializationCS","Global","SF_Compute","3","12531"
"FNiagaraSimpleElement2DArrayAttribute","Global","SF_Pixel","1","1486"
"FNiagaraSimpleElementPS","Global","SF_Pixel","1","1201"
"FNiagaraSimpleElementVolumeAttribute","Global","SF_Pixel","1","1634"
"FNiagaraSortKeyGenCS","Global","SF_Compute","4","12584"
"FNiagaraUpdateCollisionGroupMapCS","Global","SF_Compute","1","1319"
"FNiagaraUpdateMeshGPUSceneInstancesCS","Global","SF_Compute","2","20268"
"FOITSortTriangleIndex_AllocateCS","Global","SF_Compute","1","772"
"FOITSortTriangleIndex_Debug","Global","SF_Compute","1","11392"
"FOITSortTriangleIndex_ScanCS","Global","SF_Compute","2","7682"
"FOITSortTriangleIndex_WriteOutCS","Global","SF_Compute","1","1329"
"FOcclusionFeedbackPS","Global","SF_Pixel","2","1176"
"FOcclusionFeedbackVS","Global","SF_Vertex","1","928"
"FOcclusionQueryPS","Global","SF_Pixel","1","330"
"FOcclusionQueryVS","Global","SF_Vertex","1","784"
"FOculusAlphaInverseShader","Global","SF_Pixel","1","582"
"FOculusBlackShader","Global","SF_Pixel","1","320"
"FOculusCubemapPS","Global","SF_Pixel","1","1201"
"FOculusVertexShader","Global","SF_Vertex","1","430"
"FOculusWhiteShader","Global","SF_Pixel","1","322"
"FOneColorPS","Global","SF_Pixel","1","511"
"FOnePassPointShadowProjectionPS1falsefalse","Global","SF_Pixel","1","2423"
"FOnePassPointShadowProjectionPS1falsetrue","Global","SF_Pixel","1","2151"
"FOnePassPointShadowProjectionPS2falsefalse","Global","SF_Pixel","1","2423"
"FOnePassPointShadowProjectionPS2falsetrue","Global","SF_Pixel","1","2151"
"FOnePassPointShadowProjectionPS3falsefalse","Global","SF_Pixel","1","2689"
"FOnePassPointShadowProjectionPS3falsetrue","Global","SF_Pixel","1","2570"
"FOnePassPointShadowProjectionPS4falsefalse","Global","SF_Pixel","1","3111"
"FOnePassPointShadowProjectionPS4falsetrue","Global","SF_Pixel","1","2864"
"FOnePassPointShadowProjectionPS5falsefalse","Global","SF_Pixel","1","3594"
"FOnePassPointShadowProjectionPS5falsetrue","Global","SF_Pixel","1","3506"
"FP010ConvertAsUINT16sPS","Global","SF_Pixel","1","2588"
"FP010ConvertPS","Global","SF_Pixel","1","2375"
"FP010_2101010ConvertPS","Global","SF_Pixel","1","2755"
"FPCGGrassMapUnpackerCS","Global","SF_Compute","1","2091"
"FPCGSceneWriterCS","Global","SF_Compute","1","2631"
"FPCGTextureDownsampleCS","Global","SF_Compute","16","15830"
"FPCGTextureReadbackCS","Global","SF_Compute","1","1024"
"FParticleCurveInjectionPS","Global","SF_Pixel","1","339"
"FParticleCurveInjectionVS","Global","SF_Vertex","1","818"
"FParticleInjectionVS","Global","SF_Vertex","1","1217"
"FParticleSimVisualizePS","Global","SF_Pixel","1","980"
"FParticleSimVisualizeVS","Global","SF_Vertex","1","648"
"FParticleSimulationClearPS","Global","SF_Pixel","1","368"
"FParticleTileVS","Global","SF_Vertex","1","1021"
"FPopulateCompositeDepthPS","Global","SF_Pixel","2","2478"
"FPostProcessBenchmarkVS0","Global","SF_Vertex","1","883"
"FPostProcessBenchmarkVS1","Global","SF_Vertex","1","496"
"FPostProcessBenchmarkVS2","Global","SF_Vertex","1","433"
"FRDGMemcpyCS","Global","SF_Compute","6","5472"
"FRDGMemsetBufferCS","Global","SF_Compute","6","5040"
"FRDGScatterCopyCS","Global","SF_Compute","7","6904"
"FRGB10toYUVv210ConvertPS","Global","SF_Pixel","1","2201"
"FRGB8toUYVY8ConvertPS","Global","SF_Pixel","1","1377"
"FRGB8toY8ConvertPS","Global","SF_Pixel","1","1135"
"FRGBConvertPS","Global","SF_Pixel","1","2245"
"FRadixSortClearOffsetsCS","Global","SF_Compute","1","507"
"FRadixSortDownsweepCS","Global","SF_Compute","1","6502"
"FRadixSortSpineCS","Global","SF_Compute","1","2562"
"FRadixSortUpsweepCS","Global","SF_Compute","1","2293"
"FReadTextureExternalPS","Global","SF_Pixel","1","1114"
"FRecomputeTangentsPerTriangleCS","Global","SF_Compute","2","5347"
"FRecomputeTangentsPerVertexCS","Global","SF_Compute","2","2869"
"FRefPoseTransformProviderCS","Global","SF_Compute","1","905"
"FRenderCameraAerialPerspectiveVolumeCS","Global","SF_Compute","64","462486"
"FRenderDebugSkyAtmospherePS","Global","SF_Pixel","1","6397"
"FRenderDistantSkyLightLutCS","Global","SF_Compute","2","7892"
"FRenderMultiScatteredLuminanceLutCS","Global","SF_Compute","2","8828"
"FRenderRealTimeReflectionHeightFogPS","Global","SF_Pixel","2","6754"
"FRenderRealTimeReflectionHeightFogVS","Global","SF_Vertex","1","927"
"FRenderSkyViewLutCS","Global","SF_Compute","32","195199"
"FRenderTransmittanceLutCS","Global","SF_Compute","1","2358"
"FResolveAttachmentsCS","Global","SF_Compute","1","3919"
"FResolveDepth2XPS","Global","SF_Pixel","1","632"
"FResolveDepth4XPS","Global","SF_Pixel","1","627"
"FResolveDepth8XPS","Global","SF_Pixel","1","629"
"FResolveDepthPS","Global","SF_Pixel","1","652"
"FResolveVS","Global","SF_Vertex","1","689"
"FSHCoefficientsToCubemapCS","Global","SF_Compute","1","1711"
"FSMAABlendingWeightCalculationPS","Global","SF_Pixel","3","12027"
"FSMAABlendingWeightCalculationVS","Global","SF_Vertex","4","5356"
"FSMAADebugVisualizationPS","Global","SF_Pixel","1","1191"
"FSMAADebugVisualizationVS","Global","SF_Vertex","1","1072"
"FSMAAEdgeDetectionPS","Global","SF_Pixel","3","6229"
"FSMAAEdgeDetectionVS","Global","SF_Vertex","1","1220"
"FSMAANeighborhoodBlendingPS","Global","SF_Pixel","2","3025"
"FSMAANeighborhoodBlendingVS","Global","SF_Vertex","1","1072"
"FSSProfilePreIntegratedPS","Global","SF_Pixel","1","2419"
"FScatterCopyCS","Global","SF_Compute","4","3962"
"FSceneCapturePS","Global","SF_Pixel","8","6118"
"FScreenPS","Global","SF_Pixel","1","532"
"FScreenPSArraySlice","Global","SF_Pixel","1","723"
"FScreenPSInvertAlpha","Global","SF_Pixel","1","573"
"FScreenPSMipLevel","Global","SF_Pixel","1","687"
"FScreenPS_OSE","Global","SF_Pixel","1","533"
"FScreenPSsRGBSource","Global","SF_Pixel","1","620"
"FScreenPSsRGBSourceMipLevel","Global","SF_Pixel","1","772"
"FScreenPassVS","Global","SF_Vertex","1","891"
"FScreenSpaceShadowsBendCS","Global","SF_Compute","3","10329"
"FScreenSpaceShadowsCS","Global","SF_Compute","1","2783"
"FScreenSpaceShadowsUpsamplePS","Global","SF_Pixel","2","3064"
"FScreenVS","Global","SF_Vertex","1","908"
"FScreenVertexShaderVS","Global","SF_Vertex","1","429"
"FScrollingShadowMaps2DPS","Global","SF_Pixel","1","824"
"FSetupLogLuminanceCS","Global","SF_Compute","1","1146"
"FShaderBuildIndirectDispatchArgsCS","Global","SF_Compute","1","721"
"FShaderBuildIndirectDrawArgsCS","Global","SF_Compute","1","672"
"FShaderBuildSymbolBufferCS","Global","SF_Compute","1","6201"
"FShaderCompactStateBufferCS","Global","SF_Compute","1","1049"
"FShaderDrawDebugCopyCS","Global","SF_Compute","1","878"
"FShaderDrawDebugPS","Global","SF_Pixel","1","1293"
"FShaderDrawDebugVS","Global","SF_Vertex","2","3387"
"FShaderDrawSymbolsPS","Global","SF_Pixel","1","1848"
"FShaderDrawSymbolsVS","Global","SF_Vertex","1","1975"
"FShaderPrintClearCounterCS","Global","SF_Compute","1","398"
"FShaderPrintCopyCS","Global","SF_Compute","1","214"
"FShaderPrintUploadCS","Global","SF_Compute","1","214"
"FShaderZoomCS","Global","SF_Compute","1","1713"
"FShader_VirtualTextureCompress_CS< ERuntimeVirtualTextureMaterialType::BaseColor >","Global","SF_Compute","4","11599"
"FShader_VirtualTextureCompress_CS< ERuntimeVirtualTextureMaterialType::BaseColor_Normal_Roughness >","Global","SF_Compute","4","21257"
"FShader_VirtualTextureCompress_CS< ERuntimeVirtualTextureMaterialType::BaseColor_Normal_Specular >","Global","SF_Compute","4","27563"
"FShader_VirtualTextureCompress_CS< ERuntimeVirtualTextureMaterialType::BaseColor_Normal_Specular_Mask_YCoCg >","Global","SF_Compute","4","31470"
"FShader_VirtualTextureCompress_CS< ERuntimeVirtualTextureMaterialType::BaseColor_Normal_Specular_YCoCg >","Global","SF_Compute","4","30535"
"FShader_VirtualTextureCompress_CS< ERuntimeVirtualTextureMaterialType::Displacement >","Global","SF_Compute","4","10566"
"FShader_VirtualTextureCompress_CS< ERuntimeVirtualTextureMaterialType::Mask4 >","Global","SF_Compute","4","16318"
"FShader_VirtualTextureCopy_PS< ERuntimeVirtualTextureMaterialType::BaseColor >","Global","SF_Pixel","1","596"
"FShader_VirtualTextureCopy_PS< ERuntimeVirtualTextureMaterialType::BaseColor_Normal_Specular >","Global","SF_Pixel","1","778"
"FShader_VirtualTextureCopy_PS< ERuntimeVirtualTextureMaterialType::BaseColor_Normal_Specular_Mask_YCoCg >","Global","SF_Pixel","1","945"
"FShader_VirtualTextureCopy_PS< ERuntimeVirtualTextureMaterialType::BaseColor_Normal_Specular_YCoCg >","Global","SF_Pixel","1","941"
"FShader_VirtualTextureCopy_PS< ERuntimeVirtualTextureMaterialType::Mask4 >","Global","SF_Pixel","1","643"
"FShader_VirtualTextureCopy_PS< ERuntimeVirtualTextureMaterialType::WorldHeight >","Global","SF_Pixel","1","588"
"FShader_VirtualTextureCopy_VS","Global","SF_Vertex","1","514"
"FShadowProjectionNoTransformVS","Global","SF_Vertex","1","354"
"FShadowProjectionPS1falsefalsefalse","Global","SF_Pixel","1","2685"
"FShadowProjectionPS1truefalsefalse","Global","SF_Pixel","1","2785"
"FShadowProjectionPS2falsefalsefalse","Global","SF_Pixel","1","2685"
"FShadowProjectionPS2truefalsefalse","Global","SF_Pixel","1","2785"
"FShadowProjectionPS3falsefalsefalse","Global","SF_Pixel","1","2685"
"FShadowProjectionPS3truefalsefalse","Global","SF_Pixel","1","2785"
"FShadowProjectionPS4falsefalsefalse","Global","SF_Pixel","1","2685"
"FShadowProjectionPS4truefalsefalse","Global","SF_Pixel","1","2785"
"FShadowProjectionPS5falsefalsefalse","Global","SF_Pixel","1","2685"
"FShadowProjectionPS5truefalsefalse","Global","SF_Pixel","1","2785"
"FShadowVolumeBoundProjectionVS","Global","SF_Vertex","1","994"
"FSimpleElementAlphaOnlyPS","Global","SF_Pixel","1","591"
"FSimpleElementDistanceFieldGammaPS","Global","SF_Pixel","1","1365"
"FSimpleElementGammaAlphaOnlyPS","Global","SF_Pixel","1","1043"
"FSimpleElementGammaPS_Linear","Global","SF_Pixel","1","1115"
"FSimpleElementGammaPS_SRGB","Global","SF_Pixel","1","1115"
"FSimpleElementMaskedGammaPS_Linear","Global","SF_Pixel","1","1187"
"FSimpleElementMaskedGammaPS_SRGB","Global","SF_Pixel","1","1187"
"FSimpleElementPS","Global","SF_Pixel","1","751"
"FSimpleElementVS","Global","SF_Vertex","1","950"
"FSimulationShaderDefaultCS","Global","SF_Compute","1","38656"
"FSkinUpdateCS","Global","SF_Compute","18","40227"
"FSkinnedMeshDrawLinePS","Global","SF_Pixel","1","339"
"FSkinnedMeshDrawLineVS","Global","SF_Vertex","1","3317"
"FSlateDebugBatchingPS","Global","SF_Pixel","1","471"
"FSlateDebugOverdrawPS","Global","SF_Pixel","1","324"
"FSlateElementVS","Global","SF_Vertex","1","1329"
"FSlateMaskingPS","Global","SF_Pixel","1","322"
"FSlateMaskingVS","Global","SF_Vertex","1","656"
"FSlatePostProcessBlurPS","Global","SF_Pixel","1","1526"
"FSlatePostProcessColorDeficiencyPS","Global","SF_Pixel","1","3962"
"FSlatePostProcessDirectResamplePS","Global","SF_Pixel","1","715"
"FSlatePostProcessOptimizedKawaseUpsamplePS","Global","SF_Pixel","1","1193"
"FSlatePostProcessResample2x2PS","Global","SF_Pixel","1","946"
"FSlatePostProcessUpsamplePS","Global","SF_Pixel","3","4327"
"FSparseVolumeTextureUpdateFromSparseBufferCS","Global","SF_Compute","3","5613"
"FSparseVolumeTextureUpdatePageTableCS","Global","SF_Compute","1","873"
"FSpecularProfileConvolveCS","Global","SF_Compute","4","8343"
"FSpecularProfileCopyCS","Global","SF_Compute","4","4117"
"FStereoLayerPS","Global","SF_Pixel","1","723"
"FStereoLayerPS_External","Global","SF_Pixel","1","738"
"FStereoLayerVS","Global","SF_Vertex","1","870"
"FTemporalAACS","Global","SF_Compute","19","92650"
"FTemporalAAPS","Global","SF_Pixel","17","75630"
"FTemporalUpsampleDepthPS","Global","SF_Pixel","1","2760"
"FTmvStructuredBufferSwizzlePS","Global","SF_Pixel","24","71150"
"FTmvSwizzleVS","Global","SF_Vertex","1","891"
"FTmvTextureBufferSwizzlePS","Global","SF_Pixel","4","9370"
"FTmvTextureYuvConverterPS","Global","SF_Pixel","1","2073"
"FTonemapPS","Global","SF_Pixel","98","374026"
"FTonemapVS","Global","SF_Vertex","1","1815"
"FToonProfileUpdateAtlasTileCS","Global","SF_Compute","1","2338"
"FTransferVelocityPassCS","Global","SF_Compute","1","799"
"FUYVYConvertPS","Global","SF_Pixel","1","1506"
"FUpdateTexture2DSubresourceCS_Float","Global","SF_Compute","1","866"
"FUpdateTexture2DSubresourceCS_Int32","Global","SF_Compute","1","862"
"FUpdateTexture2DSubresourceCS_Uint32","Global","SF_Compute","1","856"
"FUpdateTexture3DSubresourceCS","Global","SF_Compute","1","1040"
"FUpscalePS","Global","SF_Pixel","6","5701"
"FUpscaleVS","Global","SF_Vertex","1","1301"
"FVYUConvertPS","Global","SF_Pixel","1","2414"
"FVisualizeBufferPS","Global","SF_Pixel","1","1446"
"FVisualizeComplexityApplyPS","Global","SF_Pixel","2","9814"
"FVisualizeHDRPS","Global","SF_Pixel","1","27355"
"FVisualizeLightShapePS","Global","SF_Pixel","1","2250"
"FVisualizeLightShapeVS","Global","SF_Vertex","3","4440"
"FVisualizeMotionVectorsPS","Global","SF_Pixel","1","2252"
"FVisualizeNanitePS","Global","SF_Pixel","1","1446"
"FVisualizeTexturePS","Global","SF_Pixel","6","8655"
"FVisualizeVirtualTextureApplyPS","Global","SF_Pixel","1","1510"
"FVolumetricFogFinalIntegrationCS","Global","SF_Compute","1","2033"
"FVolumetricFogLightScatteringCS","Global","SF_Compute","13","152073"
"FVolumetricFogMaterialSetupCS","Global","SF_Compute","4","17723"
"FWaterInfoFinalizePS","Global","SF_Pixel","1","1338"
"FWaterInfoMergePS","Global","SF_Pixel","1","1548"
"FWaterInfoTextureBlurPS","Global","SF_Pixel","1","1339"
"FWaterInfoTextureMergePS","Global","SF_Pixel","1","2337"
"FWaterQuadTreeBucketCountsCS","Global","SF_Compute","2","4064"
"FWaterQuadTreeBucketPrefixSumCS","Global","SF_Compute","2","2683"
"FWaterQuadTreeBuildPS","Global","SF_Pixel","1","1820"
"FWaterQuadTreeClearPerViewBuffersCS","Global","SF_Compute","1","705"
"FWaterQuadTreeDebugCS","Global","SF_Compute","2","7902"
"FWaterQuadTreeGenerateInstanceDataCS","Global","SF_Compute","2","6075"
"FWaterQuadTreeInitializeIndirectArgsCS","Global","SF_Compute","2","1905"
"FWaterQuadTreeMergePS","Global","SF_Pixel","4","8582"
"FWaterQuadTreeOcclusionQueryPS","Global","SF_Pixel","1","560"
"FWaterQuadTreeOcclusionQueryVS","Global","SF_Vertex","1","955"
"FWaterQuadTreePS","Global","SF_Pixel","2","2139"
"FWaterQuadTreeTraverseCS","Global","SF_Compute","2","15953"
"FWaterQuadTreeVS","Global","SF_Vertex","3","2894"
"FWholeSceneDirectionalShadowStencilVS","Global","SF_Vertex","1","608"
"FWriteToBoundingSphereVS","Global","SF_Vertex","1","1305"
"FXRCubemapPS","Global","SF_Pixel","1","847"
"FYCbCrConvertPS","Global","SF_Pixel","1","1417"
"FYCbCrConvertPS_4x4Matrix","Global","SF_Pixel","1","1305"
"FYCoCgConvertPS","Global","SF_Pixel","1","2336"
"FYUVConvertPS","Global","SF_Pixel","1","1515"
"FYUVScaledConvertPS","Global","SF_Pixel","1","1569"
"FYUVY416ConvertPS","Global","SF_Pixel","1","2376"
"FYUVv210ConvertPS","Global","SF_Pixel","1","3014"
"FYUVv216ConvertPS","Global","SF_Pixel","1","2960"
"FYUY2ConvertPS","Global","SF_Pixel","1","1535"
"FYVYUConvertPS","Global","SF_Pixel","1","1504"
"NiagaraComputeFreeIDsCS","Global","SF_Compute","1","1484"
"NiagaraFillIntBufferCS","Global","SF_Compute","1","615"
"PCGDilate::FPCGDilatePS","Global","SF_Pixel","1","1228"
"PCGUnwrapMesh::FPCGUnwrapMeshPS","Global","SF_Pixel","2","752"
"PCGUnwrapMesh::FPCGUnwrapMeshVS","Global","SF_Vertex","1","485"
"RenderSkyAtmosphereEditorHudPS","Global","SF_Pixel","1","13214"
"TCopyDataCS<1>","Global","SF_Compute","1","488"
"TCopyDataCS<2>","Global","SF_Compute","1","612"
"TMobileHistogramCS< false >","Global","SF_Compute","1","2986"
"TMobileHistogramCS< true >","Global","SF_Compute","1","2261"
"TModulatedShadowProjection<1>","Global","SF_Pixel","1","2898"
"TModulatedShadowProjection<2>","Global","SF_Pixel","1","2898"
"TModulatedShadowProjection<3>","Global","SF_Pixel","1","2898"
"TModulatedShadowProjection<4>","Global","SF_Pixel","1","2898"
"TModulatedShadowProjection<5>","Global","SF_Pixel","1","2898"
"TOneColorPixelShaderMRT","Global","SF_Pixel","43","39234"
"TOneColorVSfalsefalse","Global","SF_Vertex","1","867"
"TOneColorVSfalsetrue","Global","SF_Vertex","1","972"
"TOneColorVStruefalse","Global","SF_Vertex","1","501"
"TOneColorVStruetrue","Global","SF_Vertex","1","597"
"TPageTableUpdatePS<PF_R16G16B16A16_UINT>","Global","SF_Pixel","1","353"
"TPageTableUpdatePS<PF_R16G16_UINT>","Global","SF_Pixel","1","380"
"TPageTableUpdatePS<PF_R16_UINT>","Global","SF_Pixel","1","358"
"TPageTableUpdatePS<PF_R32G32B32A32_UINT>","Global","SF_Pixel","1","353"
"TPageTableUpdatePS<PF_R32G32_UINT>","Global","SF_Pixel","1","380"
"TPageTableUpdatePS<PF_R32_UINT>","Global","SF_Pixel","1","358"
"TPageTableUpdateVS<false>","Global","SF_Vertex","1","1396"
"TPageTableUpdateVS<true>","Global","SF_Vertex","1","1396"
"TParticleInjectionPS<false>","Global","SF_Pixel","1","508"
"TParticleInjectionPS<true>","Global","SF_Pixel","1","410"
"TParticleSimulationPS<PCM_DistanceField>","Global","SF_Pixel","1","6889"
"TParticleSimulationPS<PCM_None>","Global","SF_Pixel","1","3317"
"TPrefilterPlanarReflectionPS<false>","Global","SF_Pixel","1","1024"
"TScreenVSForGS<true>","Global","SF_Vertex","1","1057"
"TSlateElementPSBorderfalsefalsefalsefalseA","Global","SF_Pixel","1","1625"
"TSlateElementPSBorderfalsetruefalsefalseA","Global","SF_Pixel","1","1614"
"TSlateElementPSBordertruefalsefalsefalseA","Global","SF_Pixel","1","1656"
"TSlateElementPSBordertruetruefalsefalseA","Global","SF_Pixel","1","1642"
"TSlateElementPSColorFontfalsetruefalsefalseA","Global","SF_Pixel","1","1298"
"TSlateElementPSColorFonttruetruefalsefalseA","Global","SF_Pixel","1","1333"
"TSlateElementPSDefaultfalsefalsefalsefalseA","Global","SF_Pixel","1","1323"
"TSlateElementPSDefaultfalsefalsefalsetrueA","Global","SF_Pixel","1","3033"
"TSlateElementPSDefaultfalsefalsetruefalseA","Global","SF_Pixel","1","1341"
"TSlateElementPSDefaultfalsefalsetruetrueA","Global","SF_Pixel","1","3014"
"TSlateElementPSDefaultfalsetruefalsefalseA","Global","SF_Pixel","1","1316"
"TSlateElementPSDefaultfalsetruefalsetrueA","Global","SF_Pixel","1","3035"
"TSlateElementPSDefaultfalsetruetruefalseA","Global","SF_Pixel","1","1355"
"TSlateElementPSDefaultfalsetruetruetrueA","Global","SF_Pixel","1","3030"
"TSlateElementPSDefaulttruefalsefalsefalseA","Global","SF_Pixel","1","1361"
"TSlateElementPSDefaulttruefalsefalsetrueA","Global","SF_Pixel","1","3067"
"TSlateElementPSDefaulttruefalsetruefalseA","Global","SF_Pixel","1","1374"
"TSlateElementPSDefaulttruefalsetruetrueA","Global","SF_Pixel","1","3056"
"TSlateElementPSDefaulttruetruefalsefalseA","Global","SF_Pixel","1","1351"
"TSlateElementPSDefaulttruetruefalsetrueA","Global","SF_Pixel","1","3070"
"TSlateElementPSDefaulttruetruetruefalseA","Global","SF_Pixel","1","1388"
"TSlateElementPSDefaulttruetruetruetrueA","Global","SF_Pixel","1","3070"
"TSlateElementPSGrayscaleFontfalsetruefalsefalseA","Global","SF_Pixel","1","1323"
"TSlateElementPSGrayscaleFonttruetruefalsefalseA","Global","SF_Pixel","1","1357"
"TSlateElementPSLineSegmentfalsetruefalsefalseA","Global","SF_Pixel","1","1405"
"TSlateElementPSLineSegmenttruetruefalsefalseA","Global","SF_Pixel","1","1415"
"TSlateElementPSMsdfFontfalsetruefalsefalseA","Global","SF_Pixel","1","1544"
"TSlateElementPSMsdfFonttruetruefalsefalseA","Global","SF_Pixel","1","1557"
"TSlateElementPSRoundedBoxfalsetruefalsefalseA","Global","SF_Pixel","1","1955"
"TSlateElementPSRoundedBoxtruetruefalsefalseA","Global","SF_Pixel","1","1997"
"TSlateElementPSSdfFontfalsetruefalsefalseA","Global","SF_Pixel","1","1538"
"TSlateElementPSSdfFonttruetruefalsefalseA","Global","SF_Pixel","1","1548"
"FARKitCameraOverlayMobilePS","Material","SF_Pixel","11","16985"
"FARKitCameraOverlayMobileVS","Material","SF_Vertex","2","1664"
"FDeferredDecalPS","Material","SF_Pixel","1","1882"
"FGoogleARCoreCameraOverlayPS","Material","SF_Pixel","11","16985"
"FGoogleARCoreCameraOverlayVS","Material","SF_Vertex","2","1664"
"FGoogleARCoreCameraOverlayYCbCrConversionPS","Material","SF_Pixel","11","22355"
"FLightFunctionAtlasSlotPS","Material","SF_Pixel","2","880"
"FMobileDirectionalLightFunctionPS","Material","SF_Pixel","20","87171"
"FMobileRadialLightFunctionPS","Material","SF_Pixel","21","85274"
"FPostProcessMaterialPS","Material","SF_Pixel","11","18636"
"FPostProcessMaterialVS","Material","SF_Vertex","2","1546"
"FVolumetricFogLightFunctionPS","Material","SF_Pixel","8","11192"
"TSlateMaterialShaderPSBorder","Material","SF_Pixel","4","7663"
"TSlateMaterialShaderPSColorFont","Material","SF_Pixel","4","7520"
"TSlateMaterialShaderPSCustom","Material","SF_Pixel","4","6556"
"TSlateMaterialShaderPSDefault","Material","SF_Pixel","4","6778"
"TSlateMaterialShaderPSGrayscaleFont","Material","SF_Pixel","4","7618"
"TSlateMaterialShaderPSMsdfFont","Material","SF_Pixel","4","7990"
"TSlateMaterialShaderPSRoundedBox","Material","SF_Pixel","4","8115"
"TSlateMaterialShaderPSSdfFont","Material","SF_Pixel","4","7949"
"TSlateMaterialShaderVSfalse","Material","SF_Vertex","1","1349"
"TSlateMaterialShaderVStrue","Material","SF_Vertex","1","1349"
"FDepthOnlyPS","MeshMaterial","SF_Pixel","21","29643"
"FMeshDecalsPS","MeshMaterial","SF_Pixel","1","1058"
"FMeshDecalsVS","MeshMaterial","SF_Vertex","3","9209"
"TDepthOnlyVS<false>","MeshMaterial","SF_Vertex","40","133177"
"TDepthOnlyVS<true>","MeshMaterial","SF_Vertex","4","7357"
"TMobileBasePassPSFMobileDirectionalLightAndCSMPolicy","MeshMaterial","SF_Pixel","5","64227"
"TMobileBasePassPSFMobileDirectionalLightAndCSMPolicyLocalLights","MeshMaterial","SF_Pixel","4","62262"
"TMobileBasePassPSFMobileDirectionalLightAndCSMPolicyLocalLightsThinTranslGrey","MeshMaterial","SF_Pixel","4","62262"
"TMobileBasePassPSFMobileDirectionalLightAndCSMPolicyThinTranslGrey","MeshMaterial","SF_Pixel","4","49062"
"TMobileBasePassPSFMobileDirectionalLightAndSHIndirectPolicy","MeshMaterial","SF_Pixel","111","727282"
"TMobileBasePassPSFMobileDirectionalLightAndSHIndirectPolicyLocalLights","MeshMaterial","SF_Pixel","22","283645"
"TMobileBasePassPSFMobileDirectionalLightAndSHIndirectPolicyLocalLightsThinTranslGrey","MeshMaterial","SF_Pixel","4","63897"
"TMobileBasePassPSFMobileDirectionalLightAndSHIndirectPolicyThinTranslGrey","MeshMaterial","SF_Pixel","4","50760"
"TMobileBasePassPSFMobileDistanceFieldShadowsAndLQLightMapPolicy","MeshMaterial","SF_Pixel","12","45089"
"TMobileBasePassPSFNoLightMapPolicy","MeshMaterial","SF_Pixel","178","716368"
"TMobileBasePassPSFNoLightMapPolicyLocalLights","MeshMaterial","SF_Pixel","22","278250"
"TMobileBasePassPSFNoLightMapPolicyLocalLightsThinTranslGrey","MeshMaterial","SF_Pixel","4","62262"
"TMobileBasePassPSFNoLightMapPolicyThinTranslGrey","MeshMaterial","SF_Pixel","4","49062"
"TMobileBasePassPSTLightMapPolicyLQ","MeshMaterial","SF_Pixel","13","45435"
"TMobileBasePassPSTLightMapPolicyLQLocalLights","MeshMaterial","SF_Pixel","1","4537"
"TMobileBasePassVSFMobileDirectionalLightAndCSMPolicy","MeshMaterial","SF_Vertex","3","15676"
"TMobileBasePassVSFMobileDirectionalLightAndSHIndirectPolicy","MeshMaterial","SF_Vertex","56","233834"
"TMobileBasePassVSFMobileDistanceFieldShadowsAndLQLightMapPolicy","MeshMaterial","SF_Vertex","12","43179"
"TMobileBasePassVSFNoLightMapPolicy","MeshMaterial","SF_Vertex","70","312224"
"TMobileBasePassVSTLightMapPolicyLQ","MeshMaterial","SF_Vertex","14","56585"
"TShadowDepthPSOutputDepth","MeshMaterial","SF_Pixel","22","28427"
"TShadowDepthVSOutputDepth","MeshMaterial","SF_Vertex","40","160938"
"TShadowDepthVSPositionOnlyOutputDepth","MeshMaterial","SF_Vertex","4","10178"
"TVelocityPS<EVelocityPassMode::Velocity_Standard>","MeshMaterial","SF_Pixel","31","44805"
"TVelocityVS<EVelocityPassMode::Velocity_Standard>","MeshMaterial","SF_Vertex","44","220094"
"TVirtualTexturePSBaseColor","MeshMaterial","SF_Pixel","10","20509"
"TVirtualTexturePSBaseColorNormalRoughness","MeshMaterial","SF_Pixel","16","38477"
"TVirtualTexturePSBaseColorNormalSpecular","MeshMaterial","SF_Pixel","16","37243"
"TVirtualTexturePSDisplacement","MeshMaterial","SF_Pixel","3","2059"
"TVirtualTexturePSMask4","MeshMaterial","SF_Pixel","3","1186"
"TVirtualTexturePSWorldHeight","MeshMaterial","SF_Pixel","4","5862"
"TVirtualTextureVSBaseColor","MeshMaterial","SF_Vertex","26","92827"
"TVirtualTextureVSBaseColorNormalRoughness","MeshMaterial","SF_Vertex","26","92827"
"TVirtualTextureVSBaseColorNormalSpecular","MeshMaterial","SF_Vertex","26","92827"
"TVirtualTextureVSDisplacement","MeshMaterial","SF_Vertex","26","92827"
"TVirtualTextureVSMask4","MeshMaterial","SF_Vertex","26","92827"
"TVirtualTextureVSWorldHeight","MeshMaterial","SF_Vertex","26","92827"
"FComputeKernelShader","ComputeKernel","SF_Compute","49","180149"
