"Path","Platform","Compiled","Cooked","Permutations","Compiletime","CompiledDouble","CookedDouble"
"Globals","21","2184","0","1","0.000000","0","0"
"/Landmass/Landscape/BlueprintBrushes/Materials/Internal/BrushBounds.BrushBounds","21","2","0","1","0.000000","0","0"
"/SpeedTreeImporter/SpeedTree9/SpeedTreeMaster.SpeedTreeMaster","21","28","0","1","0.000000","0","0"
"/SpeedTreeImporter/SpeedTree9/SpeedTreeBillboardMaster.SpeedTreeBillboardMaster","21","20","0","1","0.000000","0","0"
"/InterchangeAssets/gltf/M_Default.M_Default","21","84","0","6","0.000000","0","0"
"/InterchangeAssets/gltf/M_ClearCoat.M_ClearCoat","21","84","0","6","0.000000","0","0"
"/InterchangeAssets/gltf/M_Sheen.M_Sheen","21","84","0","6","0.000000","0","0"
"/InterchangeAssets/gltf/M_Transmission.M_Transmission","21","60","0","2","0.000000","0","0"
"/InterchangeAssets/gltf/M_Unlit.M_Unlit","21","52","0","6","0.000000","0","0"
"/InterchangeAssets/gltf/M_SpecularGlossiness.M_SpecularGlossiness","21","84","0","6","0.000000","0","0"
"/Engine/EngineMaterials/Widget3DPassThrough.Widget3DPassThrough","21","26","0","6","0.000000","0","0"
"/Engine/EditorLandscapeResources/LandscapeLayerUsageMaterial.LandscapeLayerUsageMaterial","21","2","0","1","0.000000","0","0"
"/Game/HandheldAR/Blueprints/Placeable/Materials/M_Plane_Fallback.M_Plane_Fallback","21","2","0","1","0.000000","0","0"
"/Game/HandheldAR/Blueprints/Placeable/Materials/M_Plane_02.M_Plane_02","21","2","0","1","0.000000","0","0"
"/Game/HandheldAR/Blueprints/Placeable/Materials/M_Plane_01.M_Plane_01","21","2","0","1","0.000000","0","0"
"/Engine/EditorMaterials/Dataflow/DataflowSelection.DataflowSelection","21","16","0","1","0.000000","0","0"
"/InterchangeAssets/gltf/Substrate/M_GLTF.M_GLTF","21","6","0","1","0.000000","0","0"
"/Landmass/Landscape/BlueprintBrushes/Materials/Sprite/M_BrushSprite_01.M_BrushSprite_01","21","8","0","1","0.000000","0","0"
"/ARUtilities/Materials/M_PassthroughCamera.M_PassthroughCamera","21","20","0","2","0.000000","0","0"
"/AppleARKit/M_OcclusionOverlay.M_OcclusionOverlay","21","20","0","2","0.000000","0","0"
"/ARUtilities/Materials/M_ScreenSpacePassthroughCamera.M_ScreenSpacePassthroughCamera","21","8","0","2","0.000000","0","0"
"/MeshModelingToolsetExp/Materials/PointSetOverlaidComponentMaterial.PointSetOverlaidComponentMaterial","21","4","0","1","0.000000","0","0"
"/MeshModelingToolsetExp/Materials/LineSetOverlaidComponentMaterial.LineSetOverlaidComponentMaterial","21","4","0","1","0.000000","0","0"
"/Engine/EditorLandscapeResources/MaskBrushMaterial.MaskBrushMaterial","21","2","0","1","0.000000","0","0"
"/Engine/VREditor/SnapGrid/SnapGridMaterial.SnapGridMaterial","21","4","0","1","0.000000","0","0"
"/Paper2D/DefaultSpriteMaterial.DefaultSpriteMaterial","21","24","0","2","0.000000","0","0"
"/Engine/EditorLandscapeResources/SelectBrushMaterial.SelectBrushMaterial","21","4","0","2","0.000000","0","0"
"/Game/HandheldAR/Blueprints/UI/Materials/M_ButtonRotatingUI.M_ButtonRotatingUI","21","12","0","1","0.000000","0","0"
"/Game/HandheldAR/Blueprints/UI/Materials/M_CircularMenuSelection.M_CircularMenuSelection","21","12","0","1","0.000000","0","0"
"/Game/HandheldAR/Blueprints/UI/Materials/M_ButtonUI.M_ButtonUI","21","12","0","1","0.000000","0","0"
"/Game/HandheldAR/Blueprints/Placeable/Materials/M_Plane_Plain.M_Plane_Plain","21","2","0","1","0.000000","0","0"
"/Game/HandheldAR/Blueprints/Placeable/Materials/M_Shadow.M_Shadow","21","2","0","1","0.000000","0","0"
"/Game/HandheldAR/Blueprints/Placeable/Materials/M_Placeable.M_Placeable","21","2","0","1","0.000000","0","0"
"/Engine/EditorMaterials/PreviewShadowIndicatorMaterial.PreviewShadowIndicatorMaterial","21","27","0","1","0.000000","0","0"
"/Engine/EngineMaterials/DefaultTextMaterialOpaque.DefaultTextMaterialOpaque","21","10","0","1","0.000000","0","0"
"/Engine/EngineMaterials/WorldGridMaterial.WorldGridMaterial","21","519","0","1","0.000000","0","0"
"","21","64","0","1","0.000000","65","0"
"/Engine/EngineMaterials/DefaultDeferredDecalMaterial.DefaultDeferredDecalMaterial","21","67","0","1","0.000000","0","0"
"/Engine/EngineMaterials/DefaultPostProcessMaterial.DefaultPostProcessMaterial","21","36","0","1","0.000000","0","0"
"/AppleARKit/M_SceneDepthOcclusion.M_SceneDepthOcclusion","21","10","0","1","0.000000","0","0"
"/ARUtilities/Materials/M_DepthColoration.M_DepthColoration","21","10","0","1","0.000000","0","0"
"/GoogleARCore/M_SceneDepthOcclusion.M_SceneDepthOcclusion","21","10","0","1","0.000000","0","0"
"/Engine/EngineDebugMaterials/M_VolumeRenderSphereTracePP.M_VolumeRenderSphereTracePP","21","10","0","1","0.000000","0","0"
"/HairStrands/Materials/HairDebugMaterial.HairDebugMaterial","21","20","0","1","0.000000","0","0"
"/Engine/VREditor/TransformGizmo/TransformGizmoMaterial.TransformGizmoMaterial","21","2","0","1","0.000000","0","0"
"/Engine/EditorMaterials/Dataflow/M_Dataflow_CheckerBoard.M_Dataflow_CheckerBoard","21","8","0","1","0.000000","0","0"
"/Engine/EngineMaterials/FlattenMaterial.FlattenMaterial","21","20","0","1","0.000000","0","0"
"/Engine/EngineMaterials/FlattenMaterial_VT.FlattenMaterial_VT","21","12","0","1","0.000000","0","0"
"/Engine/EngineMaterials/FlattenMaterial_WS_Normal_VT.FlattenMaterial_WS_Normal_VT","21","12","0","1","0.000000","0","0"
"/ControlRig/M_Manip.M_Manip","21","4","0","1","0.000000","0","0"
"/Engine/EngineMaterials/PhAT_JointLimitMaterial.PhAT_JointLimitMaterial","21","4","0","1","0.000000","0","0"
"/Engine/EditorLandscapeResources/LayerVisMaterial.LayerVisMaterial","21","2","0","1","0.000000","0","0"
"/Engine/EditorLandscapeResources/ColorMaskBrushMaterial.ColorMaskBrushMaterial","21","2","0","1","0.000000","0","0"
"/Engine/EditorLandscapeResources/LandscapeDirtyMaterial.LandscapeDirtyMaterial","21","2","0","1","0.000000","0","0"
"/Engine/EngineMaterials/EmissiveMeshMaterial.EmissiveMeshMaterial","21","4","0","1","0.000000","0","0"
"/Engine/EngineMaterials/M_InvalidLightmapSettings.M_InvalidLightmapSettings","21","8","0","1","0.000000","0","0"
"/Engine/EngineMaterials/DefaultMaterial.DefaultMaterial","21","44","0","1","0.000000","0","0"
"/Game/ProductAssets/Materials/M_Plastic.M_Plastic","21","4","0","1","0.000000","0","0"
"/Game/HandheldAR/Blueprints/UI/Materials/M_CircularMask.M_CircularMask","21","12","0","1","0.000000","0","0"
"/Game/HandheldAR/Blueprints/Placeable/Materials/M_Arrow.M_Arrow","21","4","0","1","0.000000","0","0"
"/Engine/EngineMaterials/DefaultLightFunctionMaterial.DefaultLightFunctionMaterial","21","40","0","1","0.000000","0","0"
"/Engine/EditorMaterials/WidgetVertexColorMaterial.WidgetVertexColorMaterial","21","2","0","1","0.000000","0","0"
"/Landmass/Landscape/BlueprintBrushes/Materials/Internal/BrushBounds","21","0","2","1","2.877853","0","2"
"/SpeedTreeImporter/SpeedTree9/SpeedTreeMaster","21","0","28","1","33.685513","0","28"
"/Engine/EngineMaterials/Widget3DPassThrough_Translucent_OneSided","21","0","2","1","1.273791","0","2"
"/AppleARKit/MI_MatteOcclusionOverlay","21","0","10","1","2.649045","0","10"
"/Engine/EditorLandscapeResources/MaskBrushMaterial_MaskedRegion","21","0","2","1","1.646727","0","2"
"/HairStrands/Materials/HairDefaultMaterial.HairDefaultMaterial","21","12","0","1","0.000000","0","0"
"/HairStrands/Materials/HairCardsDefaultMaterial.HairCardsDefaultMaterial","21","20","0","1","0.000000","0","0"
"/HairStrands/Materials/HairMeshesDefaultMaterial.HairMeshesDefaultMaterial","21","12","0","1","0.000000","0","0"
"/Engine/VREditor/TransformGizmo/TranslucentTransformGizmoMaterial.TranslucentTransformGizmoMaterial","21","2","0","1","0.000000","0","0"
"/Engine/EngineDebugMaterials/M_SimpleUnlitTranslucent.M_SimpleUnlitTranslucent","21","2","0","1","0.000000","0","0"
"/Engine/EngineMaterials/NaniteHiddenSectionMaterial.NaniteHiddenSectionMaterial","21","9","0","1","0.000000","0","0"
"/Engine/EngineMaterials/RemoveSurfaceMaterial.RemoveSurfaceMaterial","21","2","0","1","0.000000","0","0"
"/Engine/EngineDebugMaterials/DebugMeshMaterial.DebugMeshMaterial","21","2","0","1","0.000000","0","0"
"/ControlRig/Controls/ControlRigXRayMaterial.ControlRigXRayMaterial","21","2","0","1","0.000000","0","0"
"/Engine/VREditor/TransformGizmo/Main.Main","21","2","0","1","0.000000","0","0"
"/Engine/VREditor/TransformGizmo/Xray.Xray","21","4","0","1","0.000000","0","0"
"/Engine/BasicShapes/BasicShapeMaterial.BasicShapeMaterial","21","24","0","1","0.000000","0","0"
"/Engine/EditorMaterials/Dataflow/DataflowVertexMaterial.DataflowVertexMaterial","21","12","0","1","0.000000","0","0"
"/Engine/EditorMaterials/Dataflow/DataflowTwoSidedVertexMaterial.DataflowTwoSidedVertexMaterial","21","12","0","1","0.000000","0","0"
"/Engine/EditorMaterials/Dataflow/DataflowTwoSidedVertexMaterial.SculptMaterial","21","6","0","1","0.000000","0","0"
"/Engine/EditorMaterials/Camera/CineMat.CineMat","21","8","0","1","0.000000","0","0"
"/Engine/EditorLandscapeResources/SplineEditorMeshMat.SplineEditorMeshMat","21","8","0","1","0.000000","0","0"
"/Engine/EngineMaterials/GizmoMaterial.GizmoMaterial","21","4","0","1","0.000000","0","0"
"/Engine/EditorMaterials/PhAT_UnselectedMaterial.PhAT_UnselectedMaterial","21","2","0","1","0.000000","0","0"
"/Engine/EditorMaterials/PhAT_NoCollisionMaterial.PhAT_NoCollisionMaterial","21","2","0","1","0.000000","0","0"
"/Engine/EngineMaterials/PPM_DefaultCalibrationGrayscale.PPM_DefaultCalibrationGrayscale","21","10","0","1","0.000000","0","0"
"/Engine/EngineMaterials/PPM_DefaultCalibrationColor.PPM_DefaultCalibrationColor","21","10","0","1","0.000000","0","0"
"/Engine/EngineDebugMaterials/DebugEditorMaterial.DebugEditorMaterial","21","4","0","1","0.000000","0","0"
"/ControlRig/Controls/ControlRigGizmoMaterial.ControlRigGizmoMaterial","21","2","0","1","0.000000","0","0"
"/Game/HandheldAR/Blueprints/Placeable/Materials/M_Plane_02","21","0","2","1","3.854976","0","2"
"/Game/HandheldAR/Blueprints/Placeable/Materials/M_Plane_Fallback","21","0","2","1","1.557267","0","2"
"/SpeedTreeImporter/SpeedTree9/SpeedTreeBillboardMaster","21","0","20","1","18.060253","0","20"
"/InterchangeAssets/gltf/M_Default","21","0","8","1","6.929658","0","8"
"/InterchangeAssets/gltf/M_ClearCoat","21","0","8","1","10.473538","0","8"
"/Engine/EngineMaterials/PPM_DefaultCalibrationColor","21","0","10","1","1.802197","0","10"
"/Engine/EngineMaterials/PPM_DefaultCalibrationGrayscale","21","0","10","1","2.543614","0","10"
"/Engine/EditorMaterials/PhAT_NoCollisionMaterial","21","0","2","1","0.567473","0","2"
"/Engine/EditorMaterials/PhAT_UnselectedMaterial","21","0","2","1","0.605621","0","2"
"/Engine/VREditor/TransformGizmo/Main","21","0","2","1","1.330516","0","2"
"/Engine/EditorMaterials/Camera/CineMat","21","0","8","1","4.149843","0","8"
"/Engine/EditorMaterials/Dataflow/DataflowTwoSidedVertexMaterial","21","0","18","2","9.852053","0","18"
"/InterchangeAssets/gltf/MaterialInstances/MI_Sheen_Blend","21","0","12","1","21.360441","0","12"
"/Engine/EngineDebugMaterials/DebugMeshMaterial","21","0","2","1","0.427451","0","2"
"/Engine/EditorMaterials/Dataflow/DataflowVertexMaterial","21","0","12","1","6.226791","0","12"
"/Engine/EditorLandscapeResources/SplineEditorMeshMat","21","0","8","1","4.335891","0","8"
"/Engine/EngineMaterials/RemoveSurfaceMaterial","21","0","2","1","1.196487","0","2"
"/Engine/EngineDebugMaterials/M_SimpleUnlitTranslucent","21","0","2","1","1.079554","0","2"
"/Engine/EngineMaterials/NaniteHiddenSectionMaterial","21","0","9","1","5.394010","0","9"
"/ControlRig/Controls/ControlRigXRayMaterial","21","0","2","1","0.475786","0","2"
"/Engine/VREditor/TransformGizmo/TranslucentTransformGizmoMaterial","21","0","2","1","0.574861","0","2"
"/Engine/EditorLandscapeResources/ColorMaskBrushMaterial","21","0","2","1","1.277882","0","2"
"/Engine/EditorMaterials/WidgetVertexColorMaterial","21","0","2","1","1.293416","0","2"
"/Engine/EngineMaterials/EmissiveMeshMaterial","21","0","4","1","2.853459","0","4"
"/Game/HandheldAR/Blueprints/UI/Materials/M_CircularMask","21","0","12","1","5.287730","0","12"
"/HairStrands/Materials/HairCardsDefaultMaterial","21","0","20","1","9.621305","0","20"
"/HairStrands/Materials/HairDefaultMaterial","21","0","12","1","6.153945","0","12"
"/Game/ProductAssets/Materials/M_Plastic","21","0","4","1","2.071431","0","4"
"/Engine/EditorLandscapeResources/SelectBrushMaterial","21","0","2","1","1.370547","0","2"
"/HairStrands/Materials/HairMeshesDefaultMaterial","21","0","12","1","3.952393","0","12"
"/Engine/VREditor/TransformGizmo/Xray","21","0","4","1","0.000000","0","4"
"/Engine/BasicShapes/BasicShapeMaterial","21","0","24","1","12.702022","0","24"
"/Engine/EngineMaterials/GizmoMaterial","21","0","4","1","1.156373","0","4"
"/Engine/EngineDebugMaterials/DebugEditorMaterial","21","0","4","1","1.071745","0","4"
"/ControlRig/Controls/ControlRigGizmoMaterial","21","0","2","1","0.574459","0","2"
"/Engine/EngineMaterials/M_InvalidLightmapSettings","21","0","8","1","4.067784","0","8"
"/Engine/EngineMaterials/Widget3DPassThrough_Translucent","21","0","2","1","0.647556","0","2"
"/Engine/EditorLandscapeResources/LayerVisMaterial","21","0","2","1","1.187660","0","2"
"/InterchangeAssets/gltf/MaterialInstances/MI_Default_Blend_DS","21","0","12","1","10.564301","0","12"
"/InterchangeAssets/gltf/MaterialInstances/MI_Sheen_Mask","21","0","20","1","13.103786","0","20"
"/Engine/EditorLandscapeResources/LandscapeDirtyMaterial","21","0","2","1","1.269439","0","2"
"/Engine/EngineMaterials/PhAT_JointLimitMaterial","21","0","4","1","1.852945","0","4"
"/ControlRig/M_Manip","21","0","4","1","2.311479","0","4"
"/Paper2D/DefaultSpriteMaterial","21","0","16","1","11.500954","0","16"
"/Engine/EngineMaterials/FlattenMaterial_WS_Normal_VT","21","0","12","1","4.499952","0","12"
"/Engine/EngineMaterials/FlattenMaterial_VT","21","0","12","1","5.888488","0","12"
"/Engine/VREditor/TransformGizmo/TransformGizmoMaterial","21","0","2","1","1.183433","0","2"
"/Engine/EngineMaterials/FlattenMaterial","21","0","20","1","10.605231","0","20"
"/Engine/EditorMaterials/Dataflow/M_Dataflow_CheckerBoard","21","0","8","1","3.523492","0","8"
"/ARUtilities/Materials/M_ScreenSpacePassthroughCamera","21","0","4","1","2.428679","0","4"
"/HairStrands/Materials/HairDebugMaterial","21","0","20","1","11.069630","0","20"
"/Engine/EngineDebugMaterials/M_VolumeRenderSphereTracePP","21","0","10","1","2.841844","0","10"
"/GoogleARCore/M_SceneDepthOcclusion","21","0","10","1","2.616737","0","10"
"/ARUtilities/Materials/M_PassthroughCamera","21","0","10","1","2.258852","0","10"
"/ARUtilities/Materials/M_DepthColoration","21","0","10","1","2.450772","0","10"
"/AppleARKit/M_SceneDepthOcclusion","21","0","10","1","2.563255","0","10"
"/InterchangeAssets/gltf/MaterialInstances/MI_Default_Mask_DS","21","0","20","1","12.626783","0","20"
"/Engine/EngineMaterials/DefaultPostProcessMaterial","21","0","36","1","13.511126","0","36"
"/InterchangeAssets/gltf/MaterialInstances/MI_Default_Opaque_DS","21","0","12","1","5.529462","0","12"
"/Engine/EngineMaterials/DefaultDeferredDecalMaterial","21","0","67","1","32.538231","0","67"
"/InterchangeAssets/gltf/M_Sheen","21","0","8","1","4.176607","0","8"
"/Engine/EngineMaterials/DefaultMaterial","21","0","44","1","19.268499","0","44"
"/InterchangeAssets/gltf/MaterialInstances/MI_Default_Blend","21","0","12","1","7.459896","0","12"
"/Game/HandheldAR/Blueprints/Placeable/Materials/M_Arrow","21","0","4","1","1.711984","0","4"
"/InterchangeAssets/gltf/MaterialInstances/MI_Default_Mask","21","0","20","1","6.463789","0","20"
"/Engine/EngineMaterials/DefaultTextMaterialOpaque","21","0","10","1","5.344848","0","10"
"/Game/HandheldAR/Blueprints/Placeable/Materials/M_Shadow","21","0","2","1","1.156151","0","2"
"/Engine/EngineMaterials/WorldGridMaterial","21","0","519","1","274.839844","0","519"
"/Engine/EditorLandscapeResources/SelectBrushMaterial_SelectedRegion","21","0","2","1","1.282816","0","2"
"/Engine/EngineMaterials/DefaultLightFunctionMaterial","21","0","40","1","31.651178","0","40"
"/Engine/EditorMaterials/PreviewShadowIndicatorMaterial","21","0","27","1","27.721664","0","27"
"/Game/HandheldAR/Blueprints/Placeable/Materials/M_Placeable","21","0","2","1","0.526276","0","2"
"/Engine/VREditor/SnapGrid/SnapGridMaterial","21","0","4","1","3.118331","0","4"
"/InterchangeAssets/gltf/MaterialInstances/MI_ClearCoat_Mask_DS","21","0","20","1","12.667727","0","20"
"/Paper2D/OpaqueUnlitSpriteMaterial","21","0","8","1","5.607951","0","8"
"/MeshModelingToolsetExp/Materials/LineSetOverlaidComponentMaterial","21","0","4","1","3.237833","0","4"
"/MeshModelingToolsetExp/Materials/PointSetOverlaidComponentMaterial","21","0","4","1","3.023491","0","4"
"/ARUtilities/Materials/MI_ScreenSpacePassthroughCameraExternalTexture","21","0","4","1","2.249509","0","4"
"/AppleARKit/MI_DepthOcclusionOverlay","21","0","10","1","2.406033","0","10"
"/Landmass/Landscape/BlueprintBrushes/Materials/Sprite/M_BrushSprite_01","21","0","8","1","4.625620","0","8"
"/InterchangeAssets/gltf/Substrate/M_GLTF","21","0","6","1","4.777920","0","6"
"/Game/HandheldAR/Blueprints/Placeable/Materials/M_Plane_Plain","21","0","2","1","1.300853","0","2"
"/Game/HandheldAR/Blueprints/UI/Materials/M_ButtonUI","21","0","12","1","4.720394","0","12"
"/Game/HandheldAR/Blueprints/UI/Materials/M_CircularMenuSelection","21","0","12","1","4.657022","0","12"
"/Game/HandheldAR/Blueprints/UI/Materials/M_ButtonRotatingUI","21","0","12","1","4.760350","0","12"
"/ARUtilities/Materials/MI_PassthroughCameraExternalTexture","21","0","10","1","2.394424","0","10"
"/InterchangeAssets/gltf/MaterialInstances/MI_ClearCoat_Blend_DS","21","0","12","1","19.163256","0","12"
